1,君のこころは輝いてるかい？,君のこころは輝いてるかい？（初代）
1,Step! ZERO to ONE,君のこころは輝いてるかい？（初代）
1,Aqours☆HEROES,君のこころは輝いてるかい？（初代）
2,青空Jumping Heart,青空Jumping Heart
2,君のこころは輝いてるかい？,青空Jumping Heart
2,Step! ZERO to ONE,青空Jumping Heart
2,Aqours☆HEROES,青空Jumping Heart
3,青空Jumping Heart,青空Jumping Heart
4,青空Jumping Heart,ジングルベルがとまらない
4,ジングルベルがとまらない,ジングルベルがとまらない
4,Aqours☆HEROES,ジングルベルがとまらない
4,待ってて愛のうた,青空Jumping Heart
4,Pops heartで踊るんだもん！,青空Jumping Heart
4,ハミングフレンド,青空Jumping Heart
4,聖なる日の祈り,青空Jumping Heart
4,君のこころは輝いてるかい？,青空Jumping Heart
4,青空Jumping Heart,ジングルベルがとまらない
4,ジングルベルがとまらない,ジングルベルがとまらない
4,Aqours☆HEROES,ジングルベルがとまらない
4,待ってて愛のうた,青空Jumping Heart
4,Pops heartで踊るんだもん！,青空Jumping Heart
4,ハミングフレンド,青空Jumping Heart
4,聖なる日の祈り,青空Jumping Heart
4,君のこころは輝いてるかい？,青空Jumping Heart
5,青空Jumping Heart,青空Jumping Heart
5,恋になりたいAQUARIUM,青空Jumping Heart
5,Aqours☆HEROES,青空Jumping Heart
5,決めたよHand in Hand,ダイスキだったらダイジョウブ！
5,ダイスキだったらダイジョウブ！,ダイスキだったらダイジョウブ！
5,夢で夜空を照らしたい,夢で夜空を照らしたい
5,元気全開DAY!DAY!DAY!,元気全開DAY!DAY!DAY!
5,夜空はなんでも知ってるの？,元気全開DAY!DAY!DAY!
5,トリコリコPLEASE!!,トリコリコPLEASE!!
5,ときめき分類学,トリコリコPLEASE!!
5,Strawberry Trapper,Strawberry Trapper
5,"Guilty Night, Guilty Kiss!",Strawberry Trapper
5,未熟DREAMER,未熟DREAMER
5,想いよひとつになれ,未熟DREAMER
5,届かない星だとしても,未熟DREAMER
5,MIRAI TICKET,MIRAI TICKET
5,君のこころは輝いてるかい？,MIRAI TICKET
5,Pops heartで踊るんだもん！,ライブTシャツ（1st）
5,ユメ語るよりユメ歌おう,ライブTシャツ（1st）
5,Step! ZERO to ONE,ライブTシャツ（1st）
5,青空Jumping Heart,青空Jumping Heart
5,恋になりたいAQUARIUM,青空Jumping Heart
5,ハミングフレンド,青空Jumping Heart
5,決めたよHand in Hand,ダイスキだったらダイジョウブ！
5,ダイスキだったらダイジョウブ！,ダイスキだったらダイジョウブ！
5,夢で夜空を照らしたい,夢で夜空を照らしたい
5,元気全開DAY!DAY!DAY!,元気全開DAY!DAY!DAY!
5,夜空はなんでも知ってるの？,元気全開DAY!DAY!DAY!
5,トリコリコPLEASE!!,トリコリコPLEASE!!
5,ときめき分類学,トリコリコPLEASE!!
5,Strawberry Trapper,Strawberry Trapper
5,"Guilty Night, Guilty Kiss!",Strawberry Trapper
5,未熟DREAMER,未熟DREAMER
5,想いよひとつになれ,未熟DREAMER
5,待ってて愛のうた,未熟DREAMER
5,MIRAI TICKET,MIRAI TICKET
5,君のこころは輝いてるかい？,MIRAI TICKET
5,Pops heartで踊るんだもん！,ライブTシャツ（1st）
5,ユメ語るよりユメ歌おう,ライブTシャツ（1st）
5,Step! ZERO to ONE,ライブTシャツ（1st）
6,恋になりたいAQUARIUM,青空Jumping Heart
6,届かない星だとしても,青空Jumping Heart
6,青空Jumping Heart,青空Jumping Heart
7,青空Jumping Heart,MIRAI TICKET
7,君のこころは輝いてるかい？,MIRAI TICKET
7,恋になりたいAQUARIUM,MIRAI TICKET
7,MIRAI TICKET,MIRAI TICKET
8,青空Jumping Heart,MIRAI TICKET
8,君のこころは輝いてるかい？,MIRAI TICKET
8,恋になりたいAQUARIUM,MIRAI TICKET
8,MIRAI TICKET,MIRAI TICKET
8,ユメ語るよりユメ歌おう,MIRAI TICKET
9,青空Jumping Heart,青空Jumping Heart
9,君のこころは輝いてるかい？,青空Jumping Heart
9,恋になりたいAQUARIUM,青空Jumping Heart
9,未熟DREAMER,青空Jumping Heart
10,HAPPY PARTY TRAIN,HAPPY PARTY TRAIN
10,Pops heartで踊るんだもん！,HAPPY PARTY TRAIN
10,少女以上の恋がしたい,HAPPY PARTY TRAIN
10,空も心も晴れるから,空も心も晴れるから
10,Waku-Waku-Week!,Waku-Waku-Week!
10,G線上のシンデレラ,G線上のシンデレラ
10,恋になりたいAQUARIUM,恋になりたいAQUARIUM
10,Daydream Warrior,恋になりたいAQUARIUM
10,スリリング・ワンウェイ,恋になりたいAQUARIUM
10,近未来ハッピーエンド,近未来ハッピーエンド
10,海岸通りで待ってるよ,近未来ハッピーエンド
10,GALAXY HidE and SeeK,GALAXY HidE and SeeK
10,INNOCENT BIRD,GALAXY HidE and SeeK
10,コワレヤスキ,コワレヤスキ
10,Shadow gate to love,コワレヤスキ
10,青空Jumping Heart,君のこころは輝いてるかい？
10,SKY JOURNEY,君のこころは輝いてるかい？
10,君のこころは輝いてるかい？,君のこころは輝いてるかい？
10,サンシャインぴっかぴか音頭,ライブTシャツ（2nd名古屋）+法被
10,太陽を追いかけろ！,ライブTシャツ（2nd名古屋）
10,HAPPY PARTY TRAIN,HAPPY PARTY TRAIN
10,届かない星だとしても,HAPPY PARTY TRAIN
10,少女以上の恋がしたい,HAPPY PARTY TRAIN
10,空も心も晴れるから,空も心も晴れるから
10,Waku-Waku-Week!,Waku-Waku-Week!
10,G線上のシンデレラ,G線上のシンデレラ
10,恋になりたいAQUARIUM,恋になりたいAQUARIUM
10,Daydream Warrior,恋になりたいAQUARIUM
10,スリリング・ワンウェイ,恋になりたいAQUARIUM
10,P.S.の向こう側,近未来ハッピーエンド
10,海岸通りで待ってるよ,近未来ハッピーエンド
10,LONELY TUNING,GALAXY HidE and SeeK
10,INNOCENT BIRD,GALAXY HidE and SeeK
10,Guilty Eyes Fever,コワレヤスキ
10,Shadow gate to love,コワレヤスキ
10,青空Jumping Heart,君のこころは輝いてるかい？
10,SKY JOURNEY,君のこころは輝いてるかい？
10,君のこころは輝いてるかい？,君のこころは輝いてるかい？
10,サンシャインぴっかぴか音頭,ライブTシャツ（2nd名古屋）+法被
10,太陽を追いかけろ！,ライブTシャツ（2nd名古屋）
11,HAPPY PARTY TRAIN,HAPPY PARTY TRAIN
11,Aqours☆HEROES,HAPPY PARTY TRAIN
11,少女以上の恋がしたい,HAPPY PARTY TRAIN
11,空も心も晴れるから,空も心も晴れるから
11,Waku-Waku-Week!,Waku-Waku-Week!
11,G線上のシンデレラ,G線上のシンデレラ
11,恋になりたいAQUARIUM,恋になりたいAQUARIUM
11,Daydream Warrior,恋になりたいAQUARIUM
11,スリリング・ワンウェイ,恋になりたいAQUARIUM
11,P.S.の向こう側,近未来ハッピーエンド
11,海岸通りで待ってるよ,近未来ハッピーエンド
11,LONELY TUNING,GALAXY HidE and SeeK
11,INNOCENT BIRD,GALAXY HidE and SeeK
11,Guilty Eyes Fever,コワレヤスキ
11,Shadow gate to love,コワレヤスキ
11,青空Jumping Heart,君のこころは輝いてるかい？
11,SKY JOURNEY,君のこころは輝いてるかい？
11,君のこころは輝いてるかい？,君のこころは輝いてるかい？
11,サンシャインぴっかぴか音頭,ライブTシャツ（2nd神戸）+法被
11,太陽を追いかけろ！,ライブTシャツ（2nd神戸）
11,HAPPY PARTY TRAIN,HAPPY PARTY TRAIN
11,ハミングフレンド,HAPPY PARTY TRAIN
11,少女以上の恋がしたい,HAPPY PARTY TRAIN
11,空も心も晴れるから,空も心も晴れるから
11,Waku-Waku-Week!,Waku-Waku-Week!
11,G線上のシンデレラ,G線上のシンデレラ
11,恋になりたいAQUARIUM,恋になりたいAQUARIUM
11,Daydream Warrior,恋になりたいAQUARIUM
11,スリリング・ワンウェイ,恋になりたいAQUARIUM
11,近未来ハッピーエンド,近未来ハッピーエンド
11,海岸通りで待ってるよ,近未来ハッピーエンド
11,GALAXY HidE and SeeK,GALAXY HidE and SeeK
11,INNOCENT BIRD,GALAXY HidE and SeeK
11,コワレヤスキ,コワレヤスキ
11,Shadow gate to love,コワレヤスキ
11,青空Jumping Heart,君のこころは輝いてるかい？
11,SKY JOURNEY,君のこころは輝いてるかい？
11,君のこころは輝いてるかい？,君のこころは輝いてるかい？
11,サンシャインぴっかぴか音頭,ライブTシャツ（2nd神戸）+法被
11,太陽を追いかけろ！,ライブTシャツ（2nd神戸）
12,青空Jumping Heart,HAPPY PARTY TRAIN
12,HAPPY PARTY TRAIN,HAPPY PARTY TRAIN
12,恋になりたいAQUARIUM,HAPPY PARTY TRAIN
12,ユメ語るよりユメ歌おう,HAPPY PARTY TRAIN
13,HAPPY PARTY TRAIN,HAPPY PARTY TRAIN
13,届かない星だとしても,HAPPY PARTY TRAIN
13,少女以上の恋がしたい,HAPPY PARTY TRAIN
13,夏への扉 Never end ver.,夏への扉 Never end ver.
13,真夏は誰のモノ？,真夏は誰のモノ？
13,地元愛♡満タン☆サマーライフ,地元愛♡満タン☆サマーライフ
13,夏の終わりの雨音が,夏の終わりの雨音が
13,未熟DREAMER,恋になりたいAQUARIUM
13,恋になりたいAQUARIUM,恋になりたいAQUARIUM
13,Daydream Warrior,恋になりたいAQUARIUM
13,スリリング・ワンウェイ,恋になりたいAQUARIUM
13,P.S.の向こう側,近未来ハッピーエンド
13,LONELY TUNING,GALAXY HidE and SeeK
13,Guilty Eyes Fever,コワレヤスキ
13,青空Jumping Heart,君のこころは輝いてるかい？
13,SKY JOURNEY,君のこころは輝いてるかい？
13,MIRAI TICKET,君のこころは輝いてるかい？
13,君のこころは輝いてるかい？,君のこころは輝いてるかい？
13,サンシャインぴっかぴか音頭,ライブTシャツ（2nd埼玉）+法被
13,太陽を追いかけろ！,ライブTシャツ（2nd埼玉）
13,ユメ語るよりユメ歌おう,ライブTシャツ（2nd埼玉）
13,HAPPY PARTY TRAIN,HAPPY PARTY TRAIN
13,Pops heartで踊るんだもん！,HAPPY PARTY TRAIN
13,少女以上の恋がしたい,HAPPY PARTY TRAIN
13,夏への扉 Never end ver.,夏への扉 Never end ver.
13,真夏は誰のモノ？,真夏は誰のモノ？
13,地元愛♡満タン☆サマーライフ,地元愛♡満タン☆サマーライフ
13,夏の終わりの雨音が,夏の終わりの雨音が
13,未熟DREAMER,恋になりたいAQUARIUM
13,恋になりたいAQUARIUM,恋になりたいAQUARIUM
13,Daydream Warrior,恋になりたいAQUARIUM
13,スリリング・ワンウェイ,恋になりたいAQUARIUM
13,近未来ハッピーエンド,近未来ハッピーエンド
13,GALAXY HidE and SeeK,GALAXY HidE and SeeK
13,コワレヤスキ,コワレヤスキ
13,青空Jumping Heart,君のこころは輝いてるかい？
13,SKY JOURNEY,君のこころは輝いてるかい？
13,MIRAI TICKET,君のこころは輝いてるかい？
13,君のこころは輝いてるかい？,君のこころは輝いてるかい？
13,サンシャインぴっかぴか音頭,ライブTシャツ（2nd埼玉）+法被
13,太陽を追いかけろ！,ライブTシャツ（2nd埼玉）
13,Landing action Yeah!!,ライブTシャツ（2nd埼玉）
14,未来の僕らは知ってるよ,未来の僕らは知ってるよ
14,HAPPY PARTY TRAIN,未来の僕らは知ってるよ
14,Daydream Warrior,未来の僕らは知ってるよ
14,SKY JOURNEY,未来の僕らは知ってるよ
14,恋になりたいAQUARIUM,未来の僕らは知ってるよ
14,届かない星だとしても,未来の僕らは知ってるよ
15,未来の僕らは知ってるよ,未来の僕らは知ってるよ
15,HAPPY PARTY TRAIN,未来の僕らは知ってるよ
15,Daydream Warrior,未来の僕らは知ってるよ
15,スリリング・ワンウェイ,未来の僕らは知ってるよ
15,青空Jumping Heart,未来の僕らは知ってるよ
15,恋になりたいAQUARIUM,未来の僕らは知ってるよ
15,待ってて愛のうた,未来の僕らは知ってるよ
15,Landing action Yeah!!,未来の僕らは知ってるよ
15,未来の僕らは知ってるよ,未来の僕らは知ってるよ
15,HAPPY PARTY TRAIN,未来の僕らは知ってるよ
15,Daydream Warrior,未来の僕らは知ってるよ
15,スリリング・ワンウェイ,未来の僕らは知ってるよ
15,青空Jumping Heart,未来の僕らは知ってるよ
15,恋になりたいAQUARIUM,未来の僕らは知ってるよ
15,Step! ZERO to ONE,未来の僕らは知ってるよ
15,Landing action Yeah!!,未来の僕らは知ってるよ
15,未来の僕らは知ってるよ,未来の僕らは知ってるよ
15,HAPPY PARTY TRAIN,未来の僕らは知ってるよ
15,Daydream Warrior,未来の僕らは知ってるよ
15,スリリング・ワンウェイ,未来の僕らは知ってるよ
15,青空Jumping Heart,未来の僕らは知ってるよ
15,恋になりたいAQUARIUM,未来の僕らは知ってるよ
15,届かない星だとしても,未来の僕らは知ってるよ
15,Landing action Yeah!!,未来の僕らは知ってるよ
16,未来の僕らは知ってるよ,未来の僕らは知ってるよ
16,HAPPY PARTY TRAIN,未来の僕らは知ってるよ
16,Daydream Warrior,未来の僕らは知ってるよ
16,スリリング・ワンウェイ,未来の僕らは知ってるよ
16,青空Jumping Heart,未来の僕らは知ってるよ
16,恋になりたいAQUARIUM,未来の僕らは知ってるよ
16,待ってて愛のうた,未来の僕らは知ってるよ
16,Landing action Yeah!!,未来の僕らは知ってるよ
16,未来の僕らは知ってるよ,未来の僕らは知ってるよ
16,HAPPY PARTY TRAIN,未来の僕らは知ってるよ
16,Daydream Warrior,未来の僕らは知ってるよ
16,スリリング・ワンウェイ,未来の僕らは知ってるよ
16,青空Jumping Heart,未来の僕らは知ってるよ
16,恋になりたいAQUARIUM,未来の僕らは知ってるよ
16,届かない星だとしても,未来の僕らは知ってるよ
16,Landing action Yeah!!,未来の僕らは知ってるよ
17,未来の僕らは知ってるよ,未来の僕らは知ってるよ
17,HAPPY PARTY TRAIN,未来の僕らは知ってるよ
17,MIRAI TICKET,未来の僕らは知ってるよ
18,未来の僕らは知ってるよ,ジングルベルがとまらない
18,ジングルベルがとまらない,ジングルベルがとまらない
18,聖なる日の祈り,ジングルベルがとまらない
18,待ってて愛のうた,ジングルベルがとまらない
18,青空Jumping Heart,ジングルベルがとまらない
18,君のこころは輝いてるかい？,ジングルベルがとまらない
18,少女以上の恋がしたい,ジングルベルがとまらない
18,Landing action Yeah!!,ジングルベルがとまらない
18,未来の僕らは知ってるよ,ジングルベルがとまらない
18,ジングルベルがとまらない,ジングルベルがとまらない
18,聖なる日の祈り,ジングルベルがとまらない
18,待ってて愛のうた,ジングルベルがとまらない
18,青空Jumping Heart,ジングルベルがとまらない
18,君のこころは輝いてるかい？,ジングルベルがとまらない
18,恋になりたいAQUARIUM,ジングルベルがとまらない
18,Landing action Yeah!!,ジングルベルがとまらない
18,未来の僕らは知ってるよ,ジングルベルがとまらない
18,ジングルベルがとまらない,ジングルベルがとまらない
18,聖なる日の祈り,ジングルベルがとまらない
18,待ってて愛のうた,ジングルベルがとまらない
18,青空Jumping Heart,ジングルベルがとまらない
18,君のこころは輝いてるかい？,ジングルベルがとまらない
18,HAPPY PARTY TRAIN,ジングルベルがとまらない
18,Landing action Yeah!!,ジングルベルがとまらない
19,青空Jumping Heart,青空Jumping Heart
20,未来の僕らは知ってるよ,ジングルベルがとまらない
20,ジングルベルがとまらない,ジングルベルがとまらない
20,聖なる日の祈り,ジングルベルがとまらない
20,待ってて愛のうた,ジングルベルがとまらない
20,青空Jumping Heart,ジングルベルがとまらない
20,君のこころは輝いてるかい？,ジングルベルがとまらない
20,恋になりたいAQUARIUM,ジングルベルがとまらない
20,Landing action Yeah!!,ジングルベルがとまらない
20,未来の僕らは知ってるよ,ジングルベルがとまらない
20,ジングルベルがとまらない,ジングルベルがとまらない
20,聖なる日の祈り,ジングルベルがとまらない
20,待ってて愛のうた,ジングルベルがとまらない
20,青空Jumping Heart,ジングルベルがとまらない
20,君のこころは輝いてるかい？,ジングルベルがとまらない
20,SKY JOURNEY,ジングルベルがとまらない
20,Landing action Yeah!!,ジングルベルがとまらない
21,未来の僕らは知ってるよ,未来の僕らは知ってるよ
22,未来の僕らは知ってるよ,未来の僕らは知ってるよ
22,HAPPY PARTY TRAIN,未来の僕らは知ってるよ
22,ユメ語るよりユメ歌おう,未来の僕らは知ってるよ
23,未来の僕らは知ってるよ,未熟DREAMER
23,ハミングフレンド,未熟DREAMER
23,SKY JOURNEY,未熟DREAMER
23,未熟DREAMER,未熟DREAMER
23,青空Jumping Heart,未熟DREAMER
23,Aqours☆HEROES,未熟DREAMER
23,HAPPY PARTY TRAIN,未熟DREAMER
23,Landing action Yeah!!,未熟DREAMER
23,未来の僕らは知ってるよ,未熟DREAMER
23,ハミングフレンド,未熟DREAMER
23,SKY JOURNEY,未熟DREAMER
23,未熟DREAMER,未熟DREAMER
23,青空Jumping Heart,未熟DREAMER
23,Aqours☆HEROES,未熟DREAMER
23,恋になりたいAQUARIUM,未熟DREAMER
23,Landing action Yeah!!,未熟DREAMER
24,君のこころは輝いてるかい？,君のこころは輝いてるかい？
24,恋になりたいAQUARIUM,君のこころは輝いてるかい？
24,HAPPY PARTY TRAIN,君のこころは輝いてるかい？
24,勇気はどこに？君の胸に！,君のこころは輝いてるかい？
25,未来の僕らは知ってるよ,未来の僕らは知ってるよ
25,ハミングフレンド,未来の僕らは知ってるよ
25,SKY JOURNEY,未来の僕らは知ってるよ
25,未熟DREAMER,未来の僕らは知ってるよ
25,青空Jumping Heart,未来の僕らは知ってるよ
25,Aqours☆HEROES,未来の僕らは知ってるよ
25,恋になりたいAQUARIUM,未来の僕らは知ってるよ
25,Landing action Yeah!!,未来の僕らは知ってるよ
25,未来の僕らは知ってるよ,未来の僕らは知ってるよ
25,ハミングフレンド,未来の僕らは知ってるよ
25,SKY JOURNEY,未来の僕らは知ってるよ
25,未熟DREAMER,未来の僕らは知ってるよ
25,青空Jumping Heart,未来の僕らは知ってるよ
25,Aqours☆HEROES,未来の僕らは知ってるよ
25,HAPPY PARTY TRAIN,未来の僕らは知ってるよ
25,Landing action Yeah!!,未来の僕らは知ってるよ
26,未来の僕らは知ってるよ,MIRAI TICKET
26,Daydream Warrior,MIRAI TICKET
26,HAPPY PARTY TRAIN,MIRAI TICKET
26,Step! ZERO to ONE,MIRAI TICKET
26,青空Jumping Heart,MIRAI TICKET
26,MIRAI TICKET,MIRAI TICKET
26,太陽を追いかけろ！,MIRAI TICKET
26,Landing action Yeah!!,MIRAI TICKET
26,未来の僕らは知ってるよ,MIRAI TICKET
26,Daydream Warrior,MIRAI TICKET
26,HAPPY PARTY TRAIN,MIRAI TICKET
26,Step! ZERO to ONE,MIRAI TICKET
26,青空Jumping Heart,MIRAI TICKET
26,MIRAI TICKET,MIRAI TICKET
26,ユメ語るよりユメ歌おう,MIRAI TICKET
26,Landing action Yeah!!,MIRAI TICKET
27,未来の僕らは知ってるよ,未来の僕らは知ってるよ
27,Daydream Warrior,未来の僕らは知ってるよ
27,HAPPY PARTY TRAIN,未来の僕らは知ってるよ
27,Step! ZERO to ONE,未来の僕らは知ってるよ
27,青空Jumping Heart,未来の僕らは知ってるよ
27,MIRAI TICKET,未来の僕らは知ってるよ
27,太陽を追いかけろ！,未来の僕らは知ってるよ
27,Landing action Yeah!!,未来の僕らは知ってるよ
27,未来の僕らは知ってるよ,未来の僕らは知ってるよ
27,Daydream Warrior,未来の僕らは知ってるよ
27,恋になりたいAQUARIUM,未来の僕らは知ってるよ
27,Step! ZERO to ONE,未来の僕らは知ってるよ
27,青空Jumping Heart,未来の僕らは知ってるよ
27,MIRAI TICKET,未来の僕らは知ってるよ
27,サンシャインぴっかぴか音頭,未来の僕らは知ってるよ
27,Landing action Yeah!!,未来の僕らは知ってるよ
28,未来の僕らは知ってるよ,未来の僕らは知ってるよ
28,恋になりたいAQUARIUM,未来の僕らは知ってるよ
28,Daydream Warrior,未来の僕らは知ってるよ
28,スリリング・ワンウェイ,未来の僕らは知ってるよ
28,青空Jumping Heart,未来の僕らは知ってるよ
28,ハミングフレンド,未来の僕らは知ってるよ
28,待ってて愛のうた,未来の僕らは知ってるよ
28,Landing action Yeah!!,未来の僕らは知ってるよ
28,勇気はどこに？君の胸に！,未来の僕らは知ってるよ
28,未来の僕らは知ってるよ,未来の僕らは知ってるよ
28,恋になりたいAQUARIUM,未来の僕らは知ってるよ
28,Daydream Warrior,未来の僕らは知ってるよ
28,スリリング・ワンウェイ,未来の僕らは知ってるよ
28,青空Jumping Heart,未来の僕らは知ってるよ
28,ハミングフレンド,未来の僕らは知ってるよ
28,Step! ZERO to ONE,未来の僕らは知ってるよ
28,Landing action Yeah!!,未来の僕らは知ってるよ
28,勇気はどこに？君の胸に！,未来の僕らは知ってるよ
28,未来の僕らは知ってるよ,未来の僕らは知ってるよ
28,恋になりたいAQUARIUM,未来の僕らは知ってるよ
28,Daydream Warrior,未来の僕らは知ってるよ
28,スリリング・ワンウェイ,未来の僕らは知ってるよ
28,青空Jumping Heart,未来の僕らは知ってるよ
28,ハミングフレンド,未来の僕らは知ってるよ
28,届かない星だとしても,未来の僕らは知ってるよ
28,Landing action Yeah!!,未来の僕らは知ってるよ
28,勇気はどこに？君の胸に！,未来の僕らは知ってるよ
29,DROPOUT!?,SELF CONTROL!!
29,CRASH MIND,SELF CONTROL!!
29,トリコリコPLEASE!!,トリコリコPLEASE!!
29,LONELY TUNING,トリコリコPLEASE!!
29,ときめき分類学,トリコリコPLEASE!!
29,元気全開DAY!DAY!DAY!,元気全開DAY!DAY!DAY!
29,P.S.の向こう側,元気全開DAY!DAY!DAY!
29,夜空はなんでも知ってるの？,元気全開DAY!DAY!DAY!
29,Strawberry Trapper,Strawberry Trapper
29,Guilty Eyes Fever,Strawberry Trapper
29,"Guilty Night, Guilty Kiss!",Strawberry Trapper
29,SELF CONTROL!!,SELF CONTROL!!
29,ユメ語るよりユメ歌おう,SELF CONTROL!!,トリコリコPLEASE!!,元気全開DAY!DAY!DAY!,Strawberry Trapper
29,DROPOUT!?,SELF CONTROL!!
29,CRASH MIND,SELF CONTROL!!
29,トリコリコPLEASE!!,GALAXY HidE and SeeK
29,GALAXY HidE and SeeK,GALAXY HidE and SeeK
29,INNOCENT BIRD,GALAXY HidE and SeeK
29,元気全開DAY!DAY!DAY!,近未来ハッピーエンド
29,近未来ハッピーエンド,近未来ハッピーエンド
29,海岸通りで待ってるよ,近未来ハッピーエンド
29,Strawberry Trapper,コワレヤスキ
29,コワレヤスキ,コワレヤスキ
29,Shadow gate to love,コワレヤスキ
29,SELF CONTROL!!,SELF CONTROL!!
29,ユメ語るよりユメ歌おう,SELF CONTROL!!,GALAXY HidE and SeeK,近未来ハッピーエンド,コワレヤスキ
30,未来の僕らは知ってるよ,未来の僕らは知ってるよ
30,君の瞳を巡る冒険,未来の僕らは知ってるよ
30,“MY LIST” to you!,未来の僕らは知ってるよ
30,MY舞☆TONIGHT,未来の僕らは知ってるよ
30,君のこころは輝いてるかい？,未来の僕らは知ってるよ
30,MIRACLE WAVE,MIRACLE WAVE
30,One More Sunshine Story,One More Sunshine Story
30,おやすみなさん！,おやすみなさん！
30,in this unstable world,in this unstable world
30,Pianoforte Monologue,Pianoforte Monologue
30,空も心も晴れるから,恋になりたいAQUARIUM
30,SKY JOURNEY,恋になりたいAQUARIUM
30,恋になりたいAQUARIUM,恋になりたいAQUARIUM
30,Awaken the power,Awaken the power
30,WATER BLUE NEW WORLD,WATER BLUE NEW WORLD
30,青空Jumping Heart,青空Jumping Heart
30,Landing action Yeah!!,ライブTシャツ（3rd埼玉）
30,勇気はどこに？君の胸に！,ライブTシャツ（3rd埼玉）
30,WONDERFUL STORIES,ライブTシャツ（3rd埼玉）
30,未来の僕らは知ってるよ,未来の僕らは知ってるよ
30,君の瞳を巡る冒険,未来の僕らは知ってるよ
30,“MY LIST” to you!,未来の僕らは知ってるよ
30,MY舞☆TONIGHT,未来の僕らは知ってるよ
30,君のこころは輝いてるかい？,未来の僕らは知ってるよ
30,MIRACLE WAVE,MIRACLE WAVE
30,Beginner’s Sailing,Beginner’s Sailing
30,RED GEM WINK,RED GEM WINK
30,WHITE FIRST LOVE,WHITE FIRST LOVE
30,New winding road,New winding road
30,さかなかなんだか？,さかなかなんだか？
30,空も心も晴れるから,恋になりたいAQUARIUM
30,SKY JOURNEY,恋になりたいAQUARIUM
30,恋になりたいAQUARIUM,恋になりたいAQUARIUM
30,Awaken the power,Awaken the power
30,WATER BLUE NEW WORLD,WATER BLUE NEW WORLD
30,青空Jumping Heart,青空Jumping Heart
30,Landing action Yeah!!,ライブTシャツ（3rd埼玉）
30,勇気はどこに？君の胸に！,ライブTシャツ（3rd埼玉）
30,WONDERFUL STORIES,ライブTシャツ（3rd埼玉）
31,未来の僕らは知ってるよ,未来の僕らは知ってるよ
31,君の瞳を巡る冒険,未来の僕らは知ってるよ
31,“MY LIST” to you!,未来の僕らは知ってるよ
31,MY舞☆TONIGHT,未来の僕らは知ってるよ
31,君のこころは輝いてるかい？,未来の僕らは知ってるよ
31,MIRACLE WAVE,MIRACLE WAVE
31,One More Sunshine Story,One More Sunshine Story
31,おやすみなさん！,おやすみなさん！
31,in this unstable world,in this unstable world
31,Pianoforte Monologue,Pianoforte Monologue
31,空も心も晴れるから,恋になりたいAQUARIUM
31,待ってて愛のうた,恋になりたいAQUARIUM
31,恋になりたいAQUARIUM,恋になりたいAQUARIUM
31,Awaken the power,Awaken the power
31,WATER BLUE NEW WORLD,WATER BLUE NEW WORLD
31,青空Jumping Heart,青空Jumping Heart
31,Landing action Yeah!!,ライブTシャツ（3rd大阪）
31,勇気はどこに？君の胸に！,ライブTシャツ（3rd大阪）
31,WONDERFUL STORIES,ライブTシャツ（3rd大阪）
31,未来の僕らは知ってるよ,未来の僕らは知ってるよ
31,君の瞳を巡る冒険,未来の僕らは知ってるよ
31,“MY LIST” to you!,未来の僕らは知ってるよ
31,MY舞☆TONIGHT,未来の僕らは知ってるよ
31,君のこころは輝いてるかい？,未来の僕らは知ってるよ
31,MIRACLE WAVE,MIRACLE WAVE
31,Beginner’s Sailing,Beginner’s Sailing
31,RED GEM WINK,RED GEM WINK
31,WHITE FIRST LOVE,WHITE FIRST LOVE
31,New winding road,New winding road
31,さかなかなんだか？,さかなかなんだか？
31,空も心も晴れるから,恋になりたいAQUARIUM
31,待ってて愛のうた,恋になりたいAQUARIUM
31,恋になりたいAQUARIUM,恋になりたいAQUARIUM
31,Awaken the power,Awaken the power
31,WATER BLUE NEW WORLD,WATER BLUE NEW WORLD
31,青空Jumping Heart,青空Jumping Heart
31,Landing action Yeah!!,ライブTシャツ（3rd大阪）
31,勇気はどこに？君の胸に！,ライブTシャツ（3rd大阪）
31,WONDERFUL STORIES,ライブTシャツ（3rd大阪）
32,WATER BLUE NEW WORLD,WATER BLUE NEW WORLD
33,未来の僕らは知ってるよ,君のこころは輝いてるかい？
33,君の瞳を巡る冒険,君のこころは輝いてるかい？
33,君のこころは輝いてるかい？,君のこころは輝いてるかい？
33,MIRAI TICKET,君のこころは輝いてるかい？
33,元気全開DAY!DAY!DAY!,元気全開DAY!DAY!DAY!
33,海岸通りで待ってるよ,元気全開DAY!DAY!DAY!
33,トリコリコPLEASE!!,トリコリコPLEASE!!
33,LONELY TUNING,トリコリコPLEASE!!
33,Strawberry Trapper,Strawberry Trapper
33,"Guilty Night, Guilty Kiss!",Strawberry Trapper
33,太陽を追いかけろ！,ライブTシャツ（LA）
33,勇気はどこに？君の胸に！,ライブTシャツ（LA）
33,サンシャインぴっかぴか音頭,ライブTシャツ（LA）
34,未来の僕らは知ってるよ,未来の僕らは知ってるよ
34,君の瞳を巡る冒険,未来の僕らは知ってるよ
34,“MY LIST” to you!,未来の僕らは知ってるよ
34,MY舞☆TONIGHT,未来の僕らは知ってるよ
34,君のこころは輝いてるかい？,未来の僕らは知ってるよ
34,MIRACLE WAVE,MIRACLE WAVE
34,One More Sunshine Story,One More Sunshine Story
34,おやすみなさん！,おやすみなさん！
34,in this unstable world,in this unstable world
34,Pianoforte Monologue,Pianoforte Monologue
34,空も心も晴れるから,HAPPY PARTY TRAIN
34,SKY JOURNEY,HAPPY PARTY TRAIN
34,HAPPY PARTY TRAIN,HAPPY PARTY TRAIN
34,Awaken the power,Awaken the power
34,DROPOUT!?,Awaken the power
34,WATER BLUE NEW WORLD,WATER BLUE NEW WORLD
34,青空Jumping Heart,青空Jumping Heart
34,キセキヒカル,青空Jumping Heart
34,ホップ・ステップ・ワーイ！,ライブTシャツ（3rd福岡）
34,勇気はどこに？君の胸に！,ライブTシャツ（3rd福岡）
34,WONDERFUL STORIES,ライブTシャツ（3rd福岡）
34,未来の僕らは知ってるよ,未来の僕らは知ってるよ
34,君の瞳を巡る冒険,未来の僕らは知ってるよ
34,“MY LIST” to you!,未来の僕らは知ってるよ
34,MY舞☆TONIGHT,未来の僕らは知ってるよ
34,君のこころは輝いてるかい？,未来の僕らは知ってるよ
34,MIRACLE WAVE,MIRACLE WAVE
34,Beginner’s Sailing,Beginner’s Sailing
34,RED GEM WINK,RED GEM WINK
34,WHITE FIRST LOVE,WHITE FIRST LOVE
34,New winding road,New winding road
34,さかなかなんだか？,さかなかなんだか？
34,空も心も晴れるから,HAPPY PARTY TRAIN
34,SKY JOURNEY,HAPPY PARTY TRAIN
34,HAPPY PARTY TRAIN,HAPPY PARTY TRAIN
34,Awaken the power,Awaken the power
34,DROPOUT!?,Awaken the power
34,WATER BLUE NEW WORLD,WATER BLUE NEW WORLD
34,青空Jumping Heart,青空Jumping Heart
34,キセキヒカル,青空Jumping Heart
34,ホップ・ステップ・ワーイ！,ライブTシャツ（3rd福岡）
34,勇気はどこに？君の胸に！,ライブTシャツ（3rd福岡）
34,WONDERFUL STORIES,ライブTシャツ（3rd福岡）
35,青空Jumping Heart,青空Jumping Heart
36,君のこころは輝いてるかい？,君のこころは輝いてるかい？
37,青空Jumping Heart,青空Jumping Heart
37,君の瞳を巡る冒険,青空Jumping Heart
37,君のこころは輝いてるかい？,青空Jumping Heart
37,MIRAI TICKET,青空Jumping Heart
37,太陽を追いかけろ！,メンバーカラーTシャツ
37,勇気はどこに？君の胸に！,メンバーカラーTシャツ
37,サンシャインぴっかぴか音頭,メンバーカラーTシャツ
38,未来の僕らは知ってるよ,未来の僕らは知ってるよ
38,君の瞳を巡る冒険,未来の僕らは知ってるよ
38,WONDERFUL STORIES,未来の僕らは知ってるよ
38,勇気はどこに？君の胸に！,未来の僕らは知ってるよ
39,恋になりたいAQUARIUM,恋になりたいAQUARIUM
40,GALAXY HidE and SeeK,GALAXY HidE and SeeK
40,INNOCENT BIRD,GALAXY HidE and SeeK
40,届かない星だとしても,GALAXY HidE and SeeK
40,トリコリコPLEASE!!,GALAXY HidE and SeeK
40,ユメ語るよりユメ歌おう,GALAXY HidE and SeeK
40,ホップ・ステップ・ワーイ！,ユニットTシャツ
40,GALAXY HidE and SeeK,GALAXY HidE and SeeK
40,INNOCENT BIRD,GALAXY HidE and SeeK
40,Pops heartで踊るんだもん！,GALAXY HidE and SeeK
40,トリコリコPLEASE!!,GALAXY HidE and SeeK
40,ユメ語るよりユメ歌おう,GALAXY HidE and SeeK
40,ホップ・ステップ・ワーイ！,ユニットTシャツ
40,GALAXY HidE and SeeK,GALAXY HidE and SeeK
40,INNOCENT BIRD,GALAXY HidE and SeeK
40,空も心も晴れるから,GALAXY HidE and SeeK
40,トリコリコPLEASE!!,GALAXY HidE and SeeK
40,ユメ語るよりユメ歌おう,GALAXY HidE and SeeK
40,ホップ・ステップ・ワーイ！,ユニットTシャツ
41,元気全開DAY!DAY!DAY!,元気全開DAY!DAY!DAY!
41,海岸通りで待ってるよ,元気全開DAY!DAY!DAY!
41,届かない星だとしても,元気全開DAY!DAY!DAY!
41,P.S.の向こう側,元気全開DAY!DAY!DAY!
41,勇気はどこに？君の胸に！,元気全開DAY!DAY!DAY!
41,ホップ・ステップ・ワーイ！,ユニットTシャツ
41,元気全開DAY!DAY!DAY!,元気全開DAY!DAY!DAY!
41,海岸通りで待ってるよ,元気全開DAY!DAY!DAY!
41,Pops heartで踊るんだもん！,元気全開DAY!DAY!DAY!
41,P.S.の向こう側,元気全開DAY!DAY!DAY!
41,勇気はどこに？君の胸に！,元気全開DAY!DAY!DAY!
41,ホップ・ステップ・ワーイ！,ユニットTシャツ
42,君のこころは輝いてるかい？,君のこころは輝いてるかい？
42,Step! ZERO to ONE,君のこころは輝いてるかい？
42,恋になりたいAQUARIUM,君のこころは輝いてるかい？
42,少女以上の恋がしたい,君のこころは輝いてるかい？
42,青空Jumping Heart,君のこころは輝いてるかい？
42,決めたよHand in Hand,浦の星女学院制服（冬服）
42,Waku-Waku-Week!,想いよひとつになれ
42,G線上のシンデレラ,想いよひとつになれ
42,想いよひとつになれ,想いよひとつになれ
42,聖なる日の祈り,想いよひとつになれ
42,ジングルベルがとまらない,想いよひとつになれ
42,MY舞☆TONIGHT,MY舞☆TONIGHT
42,待ってて愛のうた,MY舞☆TONIGHT
42,未熟DREAMER,MY舞☆TONIGHT
42,MIRAI TICKET,MIRAI TICKET
42,キセキヒカル,MIRAI TICKET
42,Awaken the power,MIRAI TICKET,Awaken the power
42,No.10,MIRAI TICKET
42,ユメ語るよりユメ歌おう,MIRAI TICKET
42,未来の僕らは知ってるよ,"Thank you, FRIENDS!!"
42,WONDERFUL STORIES,"Thank you, FRIENDS!!"
42,"Thank you, FRIENDS!!","Thank you, FRIENDS!!"
42,君のこころは輝いてるかい？,君のこころは輝いてるかい？
42,Step! ZERO to ONE,君のこころは輝いてるかい？
42,HAPPY PARTY TRAIN,君のこころは輝いてるかい？
42,少女以上の恋がしたい,君のこころは輝いてるかい？
42,青空Jumping Heart,君のこころは輝いてるかい？
42,ダイスキだったらダイジョウブ！,ダイスキだったらダイジョウブ！
42,Waku-Waku-Week!,想いよひとつになれ
42,G線上のシンデレラ,想いよひとつになれ
42,想いよひとつになれ,想いよひとつになれ
42,聖なる日の祈り,想いよひとつになれ
42,ジングルベルがとまらない,想いよひとつになれ
42,MY舞☆TONIGHT,MY舞☆TONIGHT
42,待ってて愛のうた,MY舞☆TONIGHT
42,未熟DREAMER,MY舞☆TONIGHT
42,WATER BLUE NEW WORLD,WATER BLUE NEW WORLD
42,キセキヒカル,WATER BLUE NEW WORLD
42,Awaken the power,WATER BLUE NEW WORLD,Awaken the power
42,No.10,WATER BLUE NEW WORLD
42,勇気はどこに？君の胸に！,WATER BLUE NEW WORLD
42,未来の僕らは知ってるよ,"Thank you, FRIENDS!!"
42,WONDERFUL STORIES,"Thank you, FRIENDS!!"
42,"Thank you, FRIENDS!!","Thank you, FRIENDS!!"
43,元気全開DAY!DAY!DAY!,元気全開DAY!DAY!DAY!
44,Strawberry Trapper,コワレヤスキ
44,コワレヤスキ,コワレヤスキ
44,届かない星だとしても,コワレヤスキ
44,Shadow gate to love,コワレヤスキ
44,勇気はどこに？君の胸に！,コワレヤスキ
44,ホップ・ステップ・ワーイ！,ユニットTシャツ
44,Strawberry Trapper,コワレヤスキ
44,コワレヤスキ,コワレヤスキ
44,Pops heartで踊るんだもん！,コワレヤスキ
44,Shadow gate to love,コワレヤスキ
44,勇気はどこに？君の胸に！,コワレヤスキ
44,ホップ・ステップ・ワーイ！,ユニットTシャツ
45,LONELY TUNING,トリコリコPLEASE!!
45,ときめき分類学,トリコリコPLEASE!!
45,届かない星だとしても,トリコリコPLEASE!!
45,トリコリコPLEASE!!,トリコリコPLEASE!!
45,勇気はどこに？君の胸に！,トリコリコPLEASE!!
45,ホップ・ステップ・ワーイ！,ユニットTシャツ
45,LONELY TUNING,トリコリコPLEASE!!
45,ときめき分類学,トリコリコPLEASE!!
45,聖なる日の祈り,トリコリコPLEASE!!
45,トリコリコPLEASE!!,トリコリコPLEASE!!
45,勇気はどこに？君の胸に！,トリコリコPLEASE!!
45,ホップ・ステップ・ワーイ！,ユニットTシャツ
46,君のこころは輝いてるかい？,君のこころは輝いてるかい？
47,君のこころは輝いてるかい？,君のこころは輝いてるかい？
48,MY舞☆TONIGHT,MY舞☆TONIGHT
49,"Guilty Night, Guilty Kiss!",Strawberry Trapper
49,コワレヤスキ,Strawberry Trapper
49,Step! ZERO to ONE,Strawberry Trapper
49,Strawberry Trapper,Strawberry Trapper
49,ユメ語るよりユメ歌おう,Strawberry Trapper
49,ホップ・ステップ・ワーイ！,ユニットTシャツ
49,"Guilty Night, Guilty Kiss!",Strawberry Trapper
49,コワレヤスキ,Strawberry Trapper
49,Pops heartで踊るんだもん！,Strawberry Trapper
49,Strawberry Trapper,Strawberry Trapper
49,ユメ語るよりユメ歌おう,Strawberry Trapper
49,ホップ・ステップ・ワーイ！,ユニットTシャツ
49,"Guilty Night, Guilty Kiss!",Strawberry Trapper
49,コワレヤスキ,Strawberry Trapper
49,届かない星だとしても,Strawberry Trapper
49,Strawberry Trapper,Strawberry Trapper
49,ユメ語るよりユメ歌おう,Strawberry Trapper
49,ホップ・ステップ・ワーイ！,ユニットTシャツ
50,恋になりたいAQUARIUM,恋になりたいAQUARIUM
50,ユメ語るよりユメ歌おう,恋になりたいAQUARIUM
51,トリコリコPLEASE!!,GALAXY HidE and SeeK
51,GALAXY HidE and SeeK,GALAXY HidE and SeeK
51,Step! ZERO to ONE,GALAXY HidE and SeeK
51,ときめき分類学,GALAXY HidE and SeeK
51,ユメ語るよりユメ歌おう,GALAXY HidE and SeeK
51,ホップ・ステップ・ワーイ！,ユニットTシャツ
51,トリコリコPLEASE!!,GALAXY HidE and SeeK
51,GALAXY HidE and SeeK,GALAXY HidE and SeeK
51,届かない星だとしても,GALAXY HidE and SeeK
51,ときめき分類学,GALAXY HidE and SeeK
51,ユメ語るよりユメ歌おう,GALAXY HidE and SeeK
51,ホップ・ステップ・ワーイ！,ユニットTシャツ
52,元気全開DAY!DAY!DAY!,近未来ハッピーエンド
52,P.S.の向こう側,近未来ハッピーエンド
52,Step! ZERO to ONE,近未来ハッピーエンド
52,近未来ハッピーエンド,近未来ハッピーエンド
52,ユメ語るよりユメ歌おう,近未来ハッピーエンド
52,ホップ・ステップ・ワーイ！,ユニットTシャツ
52,元気全開DAY!DAY!DAY!,近未来ハッピーエンド
52,P.S.の向こう側,近未来ハッピーエンド
52,届かない星だとしても,近未来ハッピーエンド
52,近未来ハッピーエンド,近未来ハッピーエンド
52,ユメ語るよりユメ歌おう,近未来ハッピーエンド
52,ホップ・ステップ・ワーイ！,ユニットTシャツ
53,Guilty Eyes Fever,コワレヤスキ
53,コワレヤスキ,コワレヤスキ
53,空も心も晴れるから,コワレヤスキ
53,Shadow gate to love,コワレヤスキ
53,勇気はどこに？君の胸に！,コワレヤスキ
53,ホップ・ステップ・ワーイ！,ユニットTシャツ
53,Guilty Eyes Fever,コワレヤスキ
53,コワレヤスキ,コワレヤスキ
53,届かない星だとしても,コワレヤスキ
53,Shadow gate to love,コワレヤスキ
53,勇気はどこに？君の胸に！,コワレヤスキ
53,ホップ・ステップ・ワーイ！,ユニットTシャツ
53,Guilty Eyes Fever,コワレヤスキ
53,コワレヤスキ,コワレヤスキ
53,Step! ZERO to ONE,コワレヤスキ
53,Shadow gate to love,コワレヤスキ
53,勇気はどこに？君の胸に！,コワレヤスキ
53,ホップ・ステップ・ワーイ！,ユニットTシャツ
54,近未来ハッピーエンド,元気全開DAY!DAY!DAY!
54,元気全開DAY!DAY!DAY!,元気全開DAY!DAY!DAY!
54,空も心も晴れるから,元気全開DAY!DAY!DAY!
54,夜空はなんでも知ってるの？,元気全開DAY!DAY!DAY!
54,勇気はどこに？君の胸に！,元気全開DAY!DAY!DAY!
54,ホップ・ステップ・ワーイ！,ユニットTシャツ
54,LONELY TUNING,トリコリコPLEASE!!
54,INNOCENT BIRD,トリコリコPLEASE!!
54,届かない星だとしても,トリコリコPLEASE!!
54,ときめき分類学,トリコリコPLEASE!!
54,勇気はどこに？君の胸に！,トリコリコPLEASE!!
54,ホップ・ステップ・ワーイ！,ユニットTシャツ
54,Strawberry Trapper,Strawberry Trapper
54,"Guilty Night, Guilty Kiss!",Strawberry Trapper
54,Pops heartで踊るんだもん！,Strawberry Trapper
54,Guilty Eyes Fever,Strawberry Trapper
54,ユメ語るよりユメ歌おう,Strawberry Trapper
54,ホップ・ステップ・ワーイ！,ユニットTシャツ
55,近未来ハッピーエンド,近未来ハッピーエンド
55,海岸通りで待ってるよ,近未来ハッピーエンド
55,届かない星だとしても,近未来ハッピーエンド
55,夜空はなんでも知ってるの？,近未来ハッピーエンド
55,ユメ語るよりユメ歌おう,近未来ハッピーエンド
55,ホップ・ステップ・ワーイ！,ユニットTシャツ
55,近未来ハッピーエンド,近未来ハッピーエンド
55,海岸通りで待ってるよ,近未来ハッピーエンド
55,Step! ZERO to ONE,近未来ハッピーエンド
55,夜空はなんでも知ってるの？,近未来ハッピーエンド
55,ユメ語るよりユメ歌おう,近未来ハッピーエンド
55,ホップ・ステップ・ワーイ！,ユニットTシャツ
55,近未来ハッピーエンド,近未来ハッピーエンド
55,海岸通りで待ってるよ,近未来ハッピーエンド
55,空も心も晴れるから,近未来ハッピーエンド
55,夜空はなんでも知ってるの？,近未来ハッピーエンド
55,ユメ語るよりユメ歌おう,近未来ハッピーエンド
55,ホップ・ステップ・ワーイ！,ユニットTシャツ
56,ホップ・ステップ・ワーイ！,ユニットTシャツ
57,Strawberry Trapper,Strawberry Trapper
57,Guilty Eyes Fever,Strawberry Trapper
57,元気全開DAY!DAY!DAY!,元気全開DAY!DAY!DAY!
57,海岸通りで待ってるよ,元気全開DAY!DAY!DAY!
57,トリコリコPLEASE!!,トリコリコPLEASE!!
57,LONELY TUNING,トリコリコPLEASE!!
57,ユメ語るよりユメ歌おう,Strawberry Trapper,元気全開DAY!DAY!DAY!,トリコリコPLEASE!!
57,太陽を追いかけろ！,ユニットTシャツ
57,ホップ・ステップ・ワーイ！,ユニットTシャツ
57,Strawberry Trapper,Strawberry Trapper
57,Guilty Eyes Fever,Strawberry Trapper
57,元気全開DAY!DAY!DAY!,元気全開DAY!DAY!DAY!
57,海岸通りで待ってるよ,元気全開DAY!DAY!DAY!
57,トリコリコPLEASE!!,トリコリコPLEASE!!
57,LONELY TUNING,トリコリコPLEASE!!
57,ユメ語るよりユメ歌おう,Strawberry Trapper,元気全開DAY!DAY!DAY!,トリコリコPLEASE!!
57,太陽を追いかけろ！,ユニットTシャツ
57,ホップ・ステップ・ワーイ！,ユニットTシャツ
57,トリコリコPLEASE!!,GALAXY HidE and SeeK
57,GALAXY HidE and SeeK,GALAXY HidE and SeeK
57,Strawberry Trapper,コワレヤスキ
57,コワレヤスキ,コワレヤスキ
57,元気全開DAY!DAY!DAY!,近未来ハッピーエンド
57,近未来ハッピーエンド,近未来ハッピーエンド
57,勇気はどこに？君の胸に！,GALAXY HidE and SeeK,コワレヤスキ,近未来ハッピーエンド
57,君のこころは輝いてるかい？,君のこころは輝いてるかい？
57,ホップ・ステップ・ワーイ！,君のこころは輝いてるかい？
57,トリコリコPLEASE!!,GALAXY HidE and SeeK
57,GALAXY HidE and SeeK,GALAXY HidE and SeeK
57,Strawberry Trapper,コワレヤスキ
57,コワレヤスキ,コワレヤスキ
57,元気全開DAY!DAY!DAY!,近未来ハッピーエンド
57,近未来ハッピーエンド,近未来ハッピーエンド
57,勇気はどこに？君の胸に！,GALAXY HidE and SeeK,コワレヤスキ,近未来ハッピーエンド
57,君のこころは輝いてるかい？,君のこころは輝いてるかい？
57,ホップ・ステップ・ワーイ！,君のこころは輝いてるかい？
58,青空Jumping Heart,青空Jumping Heart
58,決めたよHand in Hand,浦の星女学院制服（冬服）
58,ダイスキだったらダイジョウブ！,ダイスキだったらダイジョウブ！
58,夢で夜空を照らしたい,夢で夜空を照らしたい
58,未熟DREAMER,未熟DREAMER
58,Landing action Yeah!!,未熟DREAMER
58,届かない星だとしても,未熟DREAMER
58,想いよひとつになれ,想いよひとつになれ
58,ハミングフレンド,想いよひとつになれ
58,MIRAI TICKET,MIRAI TICKET
58,君のこころは輝いてるかい？,MIRAI TICKET
58,ユメ語るよりユメ歌おう,MIRAI TICKET
58,恋になりたいAQUARIUM,ライブTシャツ（アジアツアー上海）
58,Step! ZERO to ONE,ライブTシャツ（アジアツアー上海）
58,No.10,ライブTシャツ（アジアツアー上海）
58,"Thank you, FRIENDS!!",ライブTシャツ（アジアツアー上海）
58,青空Jumping Heart,青空Jumping Heart
58,決めたよHand in Hand,浦の星女学院制服（冬服）
58,ダイスキだったらダイジョウブ！,ダイスキだったらダイジョウブ！
58,夢で夜空を照らしたい,夢で夜空を照らしたい
58,未熟DREAMER,未熟DREAMER
58,Landing action Yeah!!,未熟DREAMER
58,届かない星だとしても,未熟DREAMER
58,想いよひとつになれ,想いよひとつになれ
58,ハミングフレンド,想いよひとつになれ
58,MIRAI TICKET,MIRAI TICKET
58,君のこころは輝いてるかい？,MIRAI TICKET
58,ユメ語るよりユメ歌おう,MIRAI TICKET
58,HAPPY PARTY TRAIN,ライブTシャツ（アジアツアー上海）
58,Step! ZERO to ONE,ライブTシャツ（アジアツアー上海）
58,No.10,ライブTシャツ（アジアツアー上海）
58,"Thank you, FRIENDS!!",ライブTシャツ（アジアツアー上海）
59,青空Jumping Heart,青空Jumping Heart
59,決めたよHand in Hand,浦の星女学院制服（冬服）
59,ダイスキだったらダイジョウブ！,ダイスキだったらダイジョウブ！
59,夢で夜空を照らしたい,夢で夜空を照らしたい
59,未熟DREAMER,未熟DREAMER
59,Landing action Yeah!!,未熟DREAMER
59,届かない星だとしても,未熟DREAMER
59,想いよひとつになれ,想いよひとつになれ
59,ハミングフレンド,想いよひとつになれ
59,MIRAI TICKET,MIRAI TICKET
59,君のこころは輝いてるかい？,MIRAI TICKET
59,ユメ語るよりユメ歌おう,MIRAI TICKET
59,恋になりたいAQUARIUM,ライブTシャツ（アジアツアー台北）
59,Step! ZERO to ONE,ライブTシャツ（アジアツアー台北）
59,No.10,ライブTシャツ（アジアツアー台北）
59,"Thank you, FRIENDS!!",ライブTシャツ（アジアツアー台北）
59,青空Jumping Heart,青空Jumping Heart
59,決めたよHand in Hand,浦の星女学院制服（冬服）
59,ダイスキだったらダイジョウブ！,ダイスキだったらダイジョウブ！
59,夢で夜空を照らしたい,夢で夜空を照らしたい
59,未熟DREAMER,未熟DREAMER
59,Landing action Yeah!!,未熟DREAMER
59,届かない星だとしても,未熟DREAMER
59,想いよひとつになれ,想いよひとつになれ
59,ハミングフレンド,想いよひとつになれ
59,MIRAI TICKET,MIRAI TICKET
59,君のこころは輝いてるかい？,MIRAI TICKET
59,ユメ語るよりユメ歌おう,MIRAI TICKET
59,HAPPY PARTY TRAIN,ライブTシャツ（アジアツアー台北）
59,Step! ZERO to ONE,ライブTシャツ（アジアツアー台北）
59,No.10,ライブTシャツ（アジアツアー台北）
59,"Thank you, FRIENDS!!",ライブTシャツ（アジアツアー台北）
60,青空Jumping Heart,青空Jumping Heart
60,決めたよHand in Hand,浦の星女学院制服（冬服）
60,ダイスキだったらダイジョウブ！,ダイスキだったらダイジョウブ！
60,夢で夜空を照らしたい,夢で夜空を照らしたい
60,未熟DREAMER,未熟DREAMER
60,Landing action Yeah!!,未熟DREAMER
60,届かない星だとしても,未熟DREAMER
60,想いよひとつになれ,想いよひとつになれ
60,ハミングフレンド,想いよひとつになれ
60,MIRAI TICKET,MIRAI TICKET
60,君のこころは輝いてるかい？,MIRAI TICKET
60,ユメ語るよりユメ歌おう,MIRAI TICKET
60,恋になりたいAQUARIUM,ライブTシャツ（アジアツアー千葉）
60,Step! ZERO to ONE,ライブTシャツ（アジアツアー千葉）
60,No.10,ライブTシャツ（アジアツアー千葉）
60,"Thank you, FRIENDS!!",ライブTシャツ（アジアツアー千葉）
60,青空Jumping Heart,青空Jumping Heart
60,決めたよHand in Hand,浦の星女学院制服（冬服）
60,ダイスキだったらダイジョウブ！,ダイスキだったらダイジョウブ！
60,夢で夜空を照らしたい,夢で夜空を照らしたい
60,未熟DREAMER,未熟DREAMER
60,Landing action Yeah!!,未熟DREAMER
60,届かない星だとしても,未熟DREAMER
60,想いよひとつになれ,想いよひとつになれ
60,ハミングフレンド,想いよひとつになれ
60,MIRAI TICKET,MIRAI TICKET
60,君のこころは輝いてるかい？,MIRAI TICKET
60,ユメ語るよりユメ歌おう,MIRAI TICKET
60,HAPPY PARTY TRAIN,ライブTシャツ（アジアツアー千葉）
60,Step! ZERO to ONE,ライブTシャツ（アジアツアー千葉）
60,No.10,ライブTシャツ（アジアツアー千葉）
60,"Thank you, FRIENDS!!",ライブTシャツ（アジアツアー千葉）
61,青空Jumping Heart,青空Jumping Heart
61,決めたよHand in Hand,浦の星女学院制服（冬服）
61,ダイスキだったらダイジョウブ！,ダイスキだったらダイジョウブ！
61,夢で夜空を照らしたい,夢で夜空を照らしたい
61,未熟DREAMER,未熟DREAMER
61,Landing action Yeah!!,未熟DREAMER
61,届かない星だとしても,未熟DREAMER
61,想いよひとつになれ,想いよひとつになれ
61,ハミングフレンド,想いよひとつになれ
61,MIRAI TICKET,MIRAI TICKET
61,君のこころは輝いてるかい？,MIRAI TICKET
61,ユメ語るよりユメ歌おう,MIRAI TICKET
61,恋になりたいAQUARIUM,ライブTシャツ（アジアツアーソウル）
61,Step! ZERO to ONE,ライブTシャツ（アジアツアーソウル）
61,No.10,ライブTシャツ（アジアツアーソウル）
61,"Thank you, FRIENDS!!",ライブTシャツ（アジアツアーソウル）
61,青空Jumping Heart,青空Jumping Heart
61,決めたよHand in Hand,浦の星女学院制服（冬服）
61,ダイスキだったらダイジョウブ！,ダイスキだったらダイジョウブ！
61,夢で夜空を照らしたい,夢で夜空を照らしたい
61,未熟DREAMER,未熟DREAMER
61,Landing action Yeah!!,未熟DREAMER
61,届かない星だとしても,未熟DREAMER
61,想いよひとつになれ,想いよひとつになれ
61,ハミングフレンド,想いよひとつになれ
61,MIRAI TICKET,MIRAI TICKET
61,君のこころは輝いてるかい？,MIRAI TICKET
61,ユメ語るよりユメ歌おう,MIRAI TICKET
61,HAPPY PARTY TRAIN,ライブTシャツ（アジアツアーソウル）
61,Step! ZERO to ONE,ライブTシャツ（アジアツアーソウル）
61,No.10,ライブTシャツ（アジアツアーソウル）
61,"Thank you, FRIENDS!!",ライブTシャツ（アジアツアーソウル）
62,僕らの走ってきた道は…,僕らの走ってきた道は…
62,スリリング・ワンウェイ,僕らの走ってきた道は…
62,青空Jumping Heart,僕らの走ってきた道は…
62,SKY JOURNEY,僕らの走ってきた道は… + SKY JOURNEY ジャケット
62,Daydream Warrior,僕らの走ってきた道は… + SKY JOURNEY ジャケット
62,逃走迷走メビウスループ,逃走迷走メビウスループ
62,予測不可能Driving!,逃走迷走メビウスループ
62,Marine Border Parasol,Hop? Stop? Nonstop!
62,ハジマリロード,Hop? Stop? Nonstop!
62,Hop? Stop? Nonstop!,Hop? Stop? Nonstop!
62,恋になりたいAQUARIUM,恋になりたいAQUARIUM
62,君の瞳を巡る冒険,恋になりたいAQUARIUM
62,未来の僕らは知ってるよ,恋になりたいAQUARIUM
62,SELF CONTROL!!,Believe again
62,Believe again,Believe again
62,Brightest Melody,Brightest Melody
62,Over The Next Rainbow,Brightest Melody,Believe again
62,ホップ・ステップ・ワーイ！,Brightest Melody
62,卒業ですね,浦の星女学院制服（冬服）
62,Guilty!? Farewell party,Guilty!? Farewell party
62,サクラバイバイ,サクラバイバイ
62,Next SPARKLING!!,Next SPARKLING!!
62,僕らの走ってきた道は…,僕らの走ってきた道は…
62,スリリング・ワンウェイ,僕らの走ってきた道は…
62,青空Jumping Heart,僕らの走ってきた道は…
62,SKY JOURNEY,僕らの走ってきた道は… + SKY JOURNEY ジャケット
62,Daydream Warrior,僕らの走ってきた道は… + SKY JOURNEY ジャケット
62,逃走迷走メビウスループ,逃走迷走メビウスループ
62,予測不可能Driving!,逃走迷走メビウスループ
62,Marine Border Parasol,Hop? Stop? Nonstop!
62,ハジマリロード,Hop? Stop? Nonstop!
62,Hop? Stop? Nonstop!,Hop? Stop? Nonstop!
62,HAPPY PARTY TRAIN,HAPPY PARTY TRAIN
62,“MY LIST” to you!,HAPPY PARTY TRAIN
62,未来の僕らは知ってるよ,HAPPY PARTY TRAIN
62,SELF CONTROL!!,Believe again
62,Believe again,Believe again
62,Brightest Melody,Brightest Melody
62,Over The Next Rainbow,Brightest Melody,Believe again
62,Jump up HIGH!!,Brightest Melody
62,卒業ですね,浦の星女学院制服（冬服）
62,Guilty!? Farewell party,Guilty!? Farewell party
62,サクラバイバイ,サクラバイバイ
62,Next SPARKLING!!,Next SPARKLING!!
63,Hop? Stop? Nonstop!,Brightest Melody
63,Brightest Melody,Brightest Melody
63,君のこころは輝いてるかい？,Brightest Melody
63,Jump up HIGH!!,Brightest Melody
63,Strawberry Trapper,Strawberry Trapper
63,Shadow gate to love,Strawberry Trapper
63,トリコリコPLEASE!!,トリコリコPLEASE!!
63,INNOCENT BIRD,トリコリコPLEASE!!
63,元気全開DAY!DAY!DAY!,元気全開DAY!DAY!DAY!
63,海岸通りで待ってるよ,元気全開DAY!DAY!DAY!
64,僕らの走ってきた道は…,僕らの走ってきた道は…
64,スリリング・ワンウェイ,僕らの走ってきた道は…
64,青空Jumping Heart,僕らの走ってきた道は…
64,待ってて愛のうた,僕らの走ってきた道は…
64,少女以上の恋がしたい,僕らの走ってきた道は…
64,SKY JOURNEY,僕らの走ってきた道は… + SKY JOURNEY ジャケット
64,Daydream Warrior,僕らの走ってきた道は… + SKY JOURNEY ジャケット
64,届かない星だとしても,僕らの走ってきた道は… + SKY JOURNEY ジャケット
64,Brightest Melody,Brightest Melody
64,恋になりたいAQUARIUM,Brightest Melody
64,君の瞳を巡る冒険,Brightest Melody
64,未来の僕らは知ってるよ,Brightest Melody
64,君のこころは輝いてるかい？,Brightest Melody
64,Hop? Stop? Nonstop!,ライブTシャツ (LA 2019)
64,No.10,ライブTシャツ (LA 2019)
64,"Thank you, FRIENDS!!",ライブTシャツ (LA 2019)
64,Jump up HIGH!!,ライブTシャツ (LA 2019)
64,僕らの走ってきた道は…,僕らの走ってきた道は…
64,スリリング・ワンウェイ,僕らの走ってきた道は…
64,青空Jumping Heart,僕らの走ってきた道は…
64,待ってて愛のうた,僕らの走ってきた道は…
64,少女以上の恋がしたい,僕らの走ってきた道は…
64,SKY JOURNEY,僕らの走ってきた道は… + SKY JOURNEY ジャケット
64,Daydream Warrior,僕らの走ってきた道は… + SKY JOURNEY ジャケット
64,届かない星だとしても,僕らの走ってきた道は… + SKY JOURNEY ジャケット
64,Brightest Melody,Brightest Melody
64,HAPPY PARTY TRAIN,Brightest Melody
64,“MY LIST” to you!,Brightest Melody
64,未来の僕らは知ってるよ,Brightest Melody
64,君のこころは輝いてるかい？,Brightest Melody
64,Hop? Stop? Nonstop!,ライブTシャツ (LA 2019)
64,No.10,ライブTシャツ (LA 2019)
64,"Thank you, FRIENDS!!",ライブTシャツ (LA 2019)
64,Jump up HIGH!!,ライブTシャツ (LA 2019)
65,Brightest Melody,Brightest Melody
66,未来の僕らは知ってるよ,WATER BLUE NEW WORLD
66,WATER BLUE NEW WORLD,WATER BLUE NEW WORLD
66,WONDERFUL STORIES,WATER BLUE NEW WORLD
66,勇気はどこに？君の胸に！,WATER BLUE NEW WORLD
67,僕らの走ってきた道は…,僕らの走ってきた道は…
67,青空Jumping Heart,僕らの走ってきた道は…
67,想いよひとつになれ,僕らの走ってきた道は…
67,勇気はどこに？君の胸に！,僕らの走ってきた道は…
68,Brightest Melody,Brightest Melody
69,未体験HORIZON,未体験HORIZON
70,Strawberry Trapper,Strawberry Trapper
70,"Guilty Night, Guilty Kiss!",Strawberry Trapper
70,Guilty Eyes Fever,Strawberry Trapper
70,コワレヤスキ,Strawberry Trapper
70,Shadow gate to love,Strawberry Trapper
70,New Romantic Sailors,Strawberry Trapper
71,Strawberry Trapper,コワレヤスキ
71,コワレヤスキ,コワレヤスキ
71,"Guilty Night, Guilty Kiss!",コワレヤスキ
71,New Romantic Sailors,コワレヤスキ
72,未来の僕らは知ってるよ,未来の僕らは知ってるよ
73,青空Jumping Heart,青空Jumping Heart
74,未体験HORIZON,未体験HORIZON
75,未体験HORIZON,未体験HORIZON
75,元気全開DAY!DAY!DAY!,元気全開DAY!DAY!DAY!
75,P.S.の向こう側,元気全開DAY!DAY!DAY!
75,GALAXY HidE and SeeK,GALAXY HidE and SeeK
75,LONELY TUNING,GALAXY HidE and SeeK
75,コワレヤスキ,コワレヤスキ
75,Guilty!? Farewell party,コワレヤスキ
75,SELF CONTROL!!,SELF CONTROL!!
75,Believe again,SELF CONTROL!!
75,届かない星だとしても,MIRAI TICKET
75,MIRAI TICKET,MIRAI TICKET
75,青空Jumping Heart,MIRAI TICKET
75,恋になりたいAQUARIUM,MIRAI TICKET
75,君のこころは輝いてるかい？,MIRAI TICKET
75,未体験HORIZON,未体験HORIZON
75,近未来ハッピーエンド,近未来ハッピーエンド
75,夜空はなんでも知ってるの？,近未来ハッピーエンド
75,トリコリコPLEASE!!,トリコリコPLEASE!!
75,ときめき分類学,トリコリコPLEASE!!
75,Guilty Eyes Fever,Strawberry Trapper
75,"Guilty Night, Guilty Kiss!",Strawberry Trapper
75,SELF CONTROL!!,Believe again
75,Believe again,Believe again
75,届かない星だとしても,君のこころは輝いてるかい？
75,WATER BLUE NEW WORLD,君のこころは輝いてるかい？
75,未来の僕らは知ってるよ,君のこころは輝いてるかい？
75,HAPPY PARTY TRAIN,君のこころは輝いてるかい？
75,君のこころは輝いてるかい？,君のこころは輝いてるかい？
76,New Romantic Sailors,New Romantic Sailors
76,"Guilty Night, Guilty Kiss!",New Romantic Sailors
76,Love Pulsar,New Romantic Sailors
76,Shadow gate to love,New Romantic Sailors
76,Guilty!? Farewell party,New Romantic Sailors
76,MY舞☆TONIGHT,New Romantic Sailors
76,Pianoforte Monologue,Pianoforte Monologue
76,New winding road,New winding road
76,in this unstable world,in this unstable world
76,Landing action Yeah!!,Pianoforte Monologue,New winding road,in this unstable world
76,コワレヤスキ,コワレヤスキ
76,Phantom Rocket Adventure,コワレヤスキ
76,Guilty Eyes Fever,コワレヤスキ
76,Daydream Warrior,コワレヤスキ
76,スリリング・ワンウェイ,コワレヤスキ
76,Jump up HIGH!!,コワレヤスキ
76,ユメ語るよりユメ歌おう,コワレヤスキ
76,Strawberry Trapper,リメイクライブTシャツ (Guilty Kiss 1st)
76,WATER BLUE NEW WORLD,リメイクライブTシャツ (Guilty Kiss 1st)
76,New Romantic Sailors,リメイクライブTシャツ (Guilty Kiss 1st)
76,New Romantic Sailors,New Romantic Sailors
76,"Guilty Night, Guilty Kiss!",New Romantic Sailors
76,Love Pulsar,New Romantic Sailors
76,Shadow gate to love,New Romantic Sailors
76,Guilty!? Farewell party,New Romantic Sailors
76,MY舞☆TONIGHT,New Romantic Sailors
76,Pianoforte Monologue,Pianoforte Monologue
76,New winding road,New winding road
76,in this unstable world,in this unstable world
76,ホップ・ステップ・ワーイ！,Pianoforte Monologue,New winding road,in this unstable world
76,コワレヤスキ,Strawberry Trapper
76,Phantom Rocket Adventure,Strawberry Trapper
76,Guilty Eyes Fever,Strawberry Trapper
76,Daydream Warrior,Strawberry Trapper
76,スリリング・ワンウェイ,Strawberry Trapper
76,Jump up HIGH!!,Strawberry Trapper
76,勇気はどこに？君の胸に！,Strawberry Trapper
76,Strawberry Trapper,リメイクライブTシャツ (Guilty Kiss 1st)
76,WATER BLUE NEW WORLD,リメイクライブTシャツ (Guilty Kiss 1st)
76,New Romantic Sailors,リメイクライブTシャツ (Guilty Kiss 1st)
77,元気全開DAY!DAY!DAY!,元気全開DAY!DAY!DAY!
77,届かない星だとしても,元気全開DAY!DAY!DAY!
77,海岸通りで待ってるよ,元気全開DAY!DAY!DAY!
77,Landing action Yeah!!,元気全開DAY!DAY!DAY!
77,CHANGELESS,元気全開DAY!DAY!DAY!
77,夜空はなんでも知ってるの？,元気全開DAY!DAY!DAY!
77,One More Sunshine Story,One More Sunshine Story
77,RED GEM WINK,RED GEM WINK
77,Beginner’s Sailing,Beginner’s Sailing
77,Step! ZERO to ONE,One More Sunshine Story,RED GEM WINK,Beginner’s Sailing
77,P.S.の向こう側,One More Sunshine Story,RED GEM WINK,Beginner’s Sailing
77,近未来ハッピーエンド,近未来ハッピーエンド
77,太陽を追いかけろ！,近未来ハッピーエンド
77,Braveheart Coaster,Braveheart Coaster
77,コドク・テレポート,Braveheart Coaster
77,ホップ・ステップ・ワーイ！,Braveheart Coaster
77,ユメ語るよりユメ歌おう,Braveheart Coaster
77,Pops heartで踊るんだもん！,リメイクライブTシャツ (CYaRon! 1st)
77,サクラバイバイ,リメイクライブTシャツ (CYaRon! 1st)
77,元気全開DAY!DAY!DAY!,元気全開DAY!DAY!DAY!
77,届かない星だとしても,元気全開DAY!DAY!DAY!
77,海岸通りで待ってるよ,元気全開DAY!DAY!DAY!
77,Landing action Yeah!!,元気全開DAY!DAY!DAY!
77,CHANGELESS,元気全開DAY!DAY!DAY!
77,夜空はなんでも知ってるの？,元気全開DAY!DAY!DAY!
77,One More Sunshine Story,One More Sunshine Story
77,RED GEM WINK,RED GEM WINK
77,Beginner’s Sailing,Beginner’s Sailing
77,Aqours☆HEROES,One More Sunshine Story,RED GEM WINK,Beginner’s Sailing
77,P.S.の向こう側,One More Sunshine Story,RED GEM WINK,Beginner’s Sailing
77,近未来ハッピーエンド,近未来ハッピーエンド
77,太陽を追いかけろ！,近未来ハッピーエンド
77,Braveheart Coaster,Braveheart Coaster
77,コドク・テレポート,Braveheart Coaster
77,Jump up HIGH!!,Braveheart Coaster
77,ユメ語るよりユメ歌おう,Braveheart Coaster
77,Pops heartで踊るんだもん！,リメイクライブTシャツ (CYaRon! 1st)
77,サクラバイバイ,リメイクライブTシャツ (CYaRon! 1st)
78,恋になりたいAQUARIUM,恋になりたいAQUARIUM
79,地元愛♡満タン☆サマーライフ,地元愛♡満タン☆サマーライフ
79,真夏は誰のモノ？,真夏は誰のモノ？
79,SELF CONTROL!!,SELF CONTROL!!
79,トリコリコPLEASE!!,トリコリコPLEASE!!
80,New Romantic Sailors,New Romantic Sailors
80,Braveheart Coaster,Braveheart Coaster
80,Amazing Travel DNA,Amazing Travel DNA
80,空中恋愛論,Amazing Travel DNA
80,メイズセカイ,Amazing Travel DNA
80,シャゼリア☆キッス☆ダダンダーン,シャゼリア☆キッス☆ダダンダーン
80,Fantastic Departure!,Fantastic Departure!
80,Deep Resonance,Fantastic Departure!
80,Aqours Pirates Desire,Fantastic Departure!
80,"Wake up, Challenger!!",Fantastic Departure!
80,君のこころは輝いてるかい？,Fantastic Departure!
80,JIMO-AI Dash!,Fantastic Departure!
80,青空Jumping Heart,Fantastic Departure!
80,New Romantic Sailors,New Romantic Sailors
80,Braveheart Coaster,Braveheart Coaster
80,Amazing Travel DNA,Amazing Travel DNA
80,空中恋愛論,Amazing Travel DNA
80,メイズセカイ,Amazing Travel DNA
80,シャゼリア☆キッス☆ダダンダーン,シャゼリア☆キッス☆ダダンダーン
80,Fantastic Departure!,Fantastic Departure!
80,Deep Resonance,Fantastic Departure!
80,Aqours Pirates Desire,Fantastic Departure!
80,Dance with Minotaurus,Fantastic Departure!
80,君のこころは輝いてるかい？,Fantastic Departure!
80,JIMO-AI Dash!,Fantastic Departure!
80,未来の僕らは知ってるよ,Fantastic Departure!
81,Dazzling White Town,Dazzling White Town
81,CRASH MIND,Dazzling White Town
81,DROPOUT!?,Dazzling White Town
81,Lonely Snow Planet,Dazzling White Town
81,Awaken the power,Dazzling White Town
81,After The Rain,Dazzling White Town
81,SELF CONTROL!!,SELF CONTROL!!
81,Over The Next Rainbow,SELF CONTROL!!
81,Dazzling White Town,SELF CONTROL!!
81,Dazzling White Town,Dazzling White Town
81,CRASH MIND,Dazzling White Town
81,DROPOUT!?,Dazzling White Town
81,Lonely Snow Planet,Dazzling White Town
81,Awaken the power,Dazzling White Town
81,After The Rain,Dazzling White Town
81,Believe again,Believe again
81,Over The Next Rainbow,Believe again
81,Dazzling White Town,Believe again
81,Dazzling White Town,Dazzling White Town
81,CRASH MIND,Dazzling White Town
81,DROPOUT!?,Dazzling White Town
81,Lonely Snow Planet,Dazzling White Town
81,SELF CONTROL!!,Dazzling White Town
81,After The Rain,Dazzling White Town
81,Awaken the power,Awaken the power
81,Over The Next Rainbow,Awaken the power
81,Dazzling White Town,Awaken the power
82,Dazzling White Town,Dazzling White Town
82,CRASH MIND,Dazzling White Town
82,DROPOUT!?,Dazzling White Town
82,Lonely Snow Planet,Dazzling White Town
82,Awaken the power,Dazzling White Town
82,After The Rain,Dazzling White Town
82,SELF CONTROL!!,SELF CONTROL!!
82,Over The Next Rainbow,SELF CONTROL!!
82,Dazzling White Town,SELF CONTROL!!
82,Dazzling White Town,Dazzling White Town
82,CRASH MIND,Dazzling White Town
82,DROPOUT!?,Dazzling White Town
82,Lonely Snow Planet,Dazzling White Town
82,Awaken the power,Dazzling White Town
82,After The Rain,Dazzling White Town
82,Believe again,Believe again
82,Over The Next Rainbow,Believe again
82,Dazzling White Town,Believe again
82,Dazzling White Town,Dazzling White Town
82,CRASH MIND,Dazzling White Town
82,DROPOUT!?,Dazzling White Town
82,Lonely Snow Planet,Dazzling White Town
82,Believe again,Dazzling White Town
82,After The Rain,Dazzling White Town
82,Awaken the power,Awaken the power
82,Over The Next Rainbow,Awaken the power
82,Dazzling White Town,Awaken the power
83,Fantastic Departure!,Fantastic Departure!
84,ジングルベルがとまらない,Hop? Stop? Nonstop!
85,聖なる日の祈り,WHITE ISLAND 新衣装
85,ジングルベルがとまらない,WHITE ISLAND 新衣装
85,恋になりたいAQUARIUM,WHITE ISLAND 新衣装
85,青空Jumping Heart,WHITE ISLAND 新衣装
85,キモチもユメも一緒だね！,キモチもユメも一緒だね！
85,涙が雪になる前に,涙が雪になる前に
85,Misty Frosty Love,Misty Frosty Love
85,Party! Party! PaPaPaParty!,Party! Party! PaPaPaParty!
85,MIRAI TICKET,Fantastic Departure!
85,Aqours☆HEROES,Fantastic Departure!
85,Fantastic Departure!,Fantastic Departure!
85,"冒険Type A, B, C!!",Fantastic Departure!
85,Future flight,Fantastic Departure!
85,聖なる日の祈り,WHITE ISLAND 新衣装
85,ジングルベルがとまらない,WHITE ISLAND 新衣装
85,HAPPY PARTY TRAIN,WHITE ISLAND 新衣装
85,青空Jumping Heart,WHITE ISLAND 新衣装
85,Party! Party! PaPaPaParty!,Party! Party! PaPaPaParty!
85,キモチもユメも一緒だね！,キモチもユメも一緒だね！
85,Misty Frosty Love,Misty Frosty Love
85,涙が雪になる前に,涙が雪になる前に
85,未熟DREAMER,未熟DREAMER
85,Step! ZERO to ONE,未熟DREAMER
85,スリリング・ワンウェイ,未熟DREAMER
85,MY舞☆TONIGHT,未熟DREAMER
85,Future flight,未熟DREAMER
86,Fantastic Departure!,Fantastic Departure!
87,Fantastic Departure!,Fantastic Departure!
87,Deep Resonance,Fantastic Departure!
87,君のこころは輝いてるかい？,Fantastic Departure!
87,恋になりたいAQUARIUM,Fantastic Departure!
87,HAPPY PARTY TRAIN,Fantastic Departure!
87,未体験HORIZON,Fantastic Departure!
87,Future flight,Fantastic Departure!
88,真夏は誰のモノ？,真夏は誰のモノ？
88,Misty Frosty Love,Misty Frosty Love
